<DatiCorrispettivi>
    <Trasmissione>
        <Progressivo>95</Progressivo>
        <Formato>COR10</Formato>
    </Trasmissione>
    <DataOraRilevazione>2012-2-29T17:37:36</DataOraRilevazione>
    <DataRT>
        <Riepilogo>
            <IVA>
                <AliquotaIVA>22.00</AliquotaIVA>
                <Imposta>3232</Imposta>
            </IVA>
            <Ammontare>32</Ammontare>
            <TotaleAmmontareResi>32323</TotaleAmmontareResi>
            <TotaleAmmontareAnnulli>3</TotaleAmmontareAnnulli>
        </Riepilogo>
        <Riepilogo>
            <IVA>
                <AliquotaIVA>10.00</AliquotaIVA>
                <Imposta>3</Imposta>
            </IVA>
            <Ammontare>23232323</Ammontare>
            <TotaleAmmontareResi>3</TotaleAmmontareResi>
            <TotaleAmmontareAnnulli>3</TotaleAmmontareAnnulli>
        </Riepilogo>
        <Riepilogo>
            <IVA>
                <AliquotaIVA>4.00</AliquotaIVA>
                <Imposta>3</Imposta>
            </IVA>
            <Ammontare>3</Ammontare>
            <TotaleAmmontareResi>3</TotaleAmmontareResi>
            <TotaleAmmontareAnnulli>3</TotaleAmmontareAnnulli>
        </Riepilogo>
        <Riepilogo>
            <IVA>
                <AliquotaIVA>5.00</AliquotaIVA>
                <Imposta>3</Imposta>
            </IVA>
            <Ammontare>3</Ammontare>
            <TotaleAmmontareResi>3</TotaleAmmontareResi>
            <TotaleAmmontareAnnulli>323</TotaleAmmontareAnnulli>
        </Riepilogo>
        <Riepilogo>
            <Natura>N1</Natura>
            <Ammontare>3</Ammontare>
            <TotaleAmmontareResi>323</TotaleAmmontareResi>
            <TotaleAmmontareAnnulli>323</TotaleAmmontareAnnulli>
        </Riepilogo>
        <Riepilogo>
            <Natura>N2</Natura>
            <Ammontare>32323</Ammontare>
            <TotaleAmmontareResi>323</TotaleAmmontareResi>
            <TotaleAmmontareAnnulli>3</TotaleAmmontareAnnulli>
        </Riepilogo>
        <Riepilogo>
            <Natura>N3</Natura>
            <Ammontare>3</Ammontare>
            <TotaleAmmontareResi>3</TotaleAmmontareResi>
            <TotaleAmmontareAnnulli>33.3.3</TotaleAmmontareAnnulli>
        </Riepilogo>
        <Riepilogo>
            <Natura>N4</Natura>
            <Ammontare>323</Ammontare>
            <TotaleAmmontareResi>3</TotaleAmmontareResi>
            <TotaleAmmontareAnnulli>.3</TotaleAmmontareAnnulli>
        </Riepilogo>
        <Riepilogo>
            <Natura>N5</Natura>
            <Ammontare>32233</Ammontare>
            <TotaleAmmontareResi>32323</TotaleAmmontareResi>
            <TotaleAmmontareAnnulli>33</TotaleAmmontareAnnulli>
        </Riepilogo>
        <Riepilogo>
            <Natura>N6</Natura>
            <Ammontare>3</Ammontare>
            <TotaleAmmontareResi>3323232</TotaleAmmontareResi>
            <TotaleAmmontareAnnulli>3</TotaleAmmontareAnnulli>
        </Riepilogo>
    </DataRT>
</DatiCorrispettivi>